Вкус	Banana
Вкус	Bubblegum
Вкус	Candy
Вкус	Grape
Вкус	Grapefruit
Вкус	Lemon
Вкус	Melon
Вкус	Mulberry
Вкус	Orange
Вкус	Peach
Вкус	Raspberry
Вкус	Strawberry
Вкус	Vanila
Вкус	Watermelon
Палитра теней для век	№101
Палитра теней для век	№109
Палитра теней для век	№112
Палитра теней для век	№113
Палитра теней для век	№117
Палитра теней для век	№128
Палитра теней для век	№139
Палитра теней для век	№140
Палитра теней для век	№141
Палитра теней для век	№201
Палитра теней для век	№203
Палитра теней для век	№55
Тон BB Cream Face Control	№1
Тон BB Cream Face Control	№2
Тон BB Cream Face Control	№3
Тон BB Cream Face Control	№4
Тон CС Cream Complex Correct	№1
Тон CС Cream Complex Correct	№2
Тон CС Cream Complex Correct	№3
Тон консилера	№1
Тон консилера	№2
Тон консилера	№3
Тон консилера	№4
Тон основы	№1
Тон основы	№2
Тон основы	№3
Тон основы	№4
Тон пудры Compact Face Base	№1
Тон пудры Compact Face Base	№2
Тон пудры Compact Face Base	№3
Тон пудры Compact Face Base	№4
Тон пудры Loving Care Foundation	№1
Тон пудры Loving Care Foundation	№2
Тон пудры Loving Care Foundation	№3
Тон пудры Loving Care Foundation	№4
Тон пудры Loving Care Foundation	№5
Тон пудры Loving Care Foundation	№6
Тон пудры Loving Care Foundation	№7
Тон пудры Loving Care Foundation	№8
Тон пудры Loving Care Foundation	№10
Тон пудры Loving Care Foundation	№11
Тон пудры Loving Care Foundation	№12
Тон пудры Matte Compliment	№1
Тон пудры Matte Compliment	№2
Тон пудры Matte Compliment	№3
Тон пудры Matte Compliment	№4
Тон пудры Puff Foundation	№1
Тон пудры Puff Foundation	№2
Тон пудры Puff Foundation	№3
Тон пудры Puff Foundation	№4
Тон пудры Puff Foundation	№5
Тон пудры Puff Foundation	№6
Тон пудры Puff Foundation	№7
Тон пудры Puff Foundation	№8
Тон пудры Puff Foundation	№9
Тон пудры Puff Foundation	№10
Тон пудры Puff Foundation	№11
Тон пудры Puff Foundation	№12
Тон пудры Puff Foundation	№13
Тон пудры Puff Foundation	№14
Тон пудры Super Stay	№1
Тон пудры Super Stay	№2
Тон пудры Super Stay	№3
Тон пудры Super Stay	№4
Тон пудры Super Stay	№5
Тон пудры Super Stay	№6
Тон пудры Two Way Cake	№1
Тон пудры Two Way Cake	№2
Тон пудры Two Way Cake	№3
Тон пудры Two Way Cake	№4
Тон пудры Two Way Cake	№5
Тон пудры Two Way Cake	№6
Тон пудры Two Way Cake	№7
Тон пудры Two Way Cake	№8
Тон пудры Two Way Cake	№9
Тон пудры Two Way Cake	№10
Тон пудры Two Way Cake	№11
Тон пудры Two Way Cake	№12
Тон пудры Two Way Cake	№13
Тон пудры Two Way Cake	№14
Тон пудры Two Way Cake	№15
Тон пудры Two Way Cake	№16
Тон пудры Two Way Cake	№17
Тон пудры Two Way Cake	№18
Тон пудры воздушной	№1
Тон пудры воздушной	№2
Тон пудры воздушной	№3
Тон пудры воздушной	№4
Тон румян Beauty Monster Face Color Perfecting Palette	№1
Тон румян Beauty Monster Face Color Perfecting Palette	№2
Тон румян Beauty Monster Face Color Perfecting Palette	№3
Тон румян Mosaic	№1
Тон румян Mosaic	№2
Тон румян Mosaic	№3
Тон румян Mosaic	№4
Тон румян Natural Glow	№1
Тон румян Natural Glow	№2
Тон румян Natural Glow	№3
Тон румян Natural Glow	№4
Тон румян Natural Glow	№5
Тон румян Natural Glow	№6
Тон румян Soft Blush	№1
Тон румян Soft Blush	№2
Тон румян Soft Blush	№3
Тон румян Soft Blush	№4
Тон румян из набора 2 тона	№4
Тон румян из набора 2 тона	№6
Тон румян из набора 2 тона	№7
Тон румян из набора 2 тона	№11
Тон румян из набора 2 тона	№14
Тон румян из набора 2 тона	№18
Тон румян из набора 2 тона	№20
Тон румян из набора 2 тона	№49
Тон румян из набора 2 тона	№50
Тон румян из набора 2 тона	№53
Тон хайлайтера Highlighting Powder	№1
Тон хайлайтера Highlighting Powder	№2
Тон хайлайтера	№1
Тон хайлайтера	№2
Тон хайлайтера	№3
Цвет	Черный
Цвет	№1
Цвет	№2
Цвет	№3
Цвет	№4
Цвет	№5
Цвет карандаша Brow + Brush Pencil	Black
Цвет карандаша Brow + Brush Pencil	Brown
Цвет карандаша Brow + Brush Pencil	Gray
Цвет карандаша Tatoo Brow Microblading Ink Pen	Black
Цвет карандаша Tatoo Brow Microblading Ink Pen	Blond
Цвет карандаша Tatoo Brow Microblading Ink Pen	Dark Brown
Цвет карандаша	Black
Цвет карандаша	Blond Brown
Цвет карандаша	Brown
Цвет карандаша	Dark Blue
Цвет карандаша	Dark Brown
Цвет карандаша	Dark grey
Цвет карандаша	Pearl Blue
Цвет карандаша	Pearl Green-Blue
Цвет карандаша	Pearl navy
Цвет карандаша для губ Lip Control	№01
Цвет карандаша для губ Lip Control	№02
Цвет карандаша для губ Lip Control	№03
Цвет карандаша для губ Lip Control	№04
Цвет карандаша для губ Lip Control	№05
Цвет карандаша для губ Lip Control	№06
Цвет карандаша для губ Lip Control	№07
Цвет карандаша для губ Lip Control	№08
Цвет карандаша для губ Lip Control	№09
Цвет карандаша для губ Lip Control	№10
Цвет карандаша для губ Lip Control	№11
Цвет карандаша для губ Lip Control	№12
Цвет карандаша для губ Lip Control	№13
Цвет карандаша для губ Lip Control	№14
Цвет карандаша для губ Lip Control	№15
Цвет карандаша для губ Lip Control	№16
Цвет подводки	Blue
Цвет подводки	Brown
Цвет подводки	Dark blue
Цвет подводки	Green
Цвет подводки	Purple
Цвет подводки	Silver
Цвет помады L24	№01 Красная роза/ перл.
Цвет помады L24	№02 Серебристая сирень/ перл.
Цвет помады L24	№03 Розовая гвоздика/ перл.
Цвет помады L24	№05 Бронза/ перл.
Цвет помады L24	№06 Розовый пион/ перл.
Цвет помады L24	№07 Темная сирень/ перл.
Цвет помады L24	№10 Алый/ глянец
Цвет помады L24	№14 Пурпур/ глянец
Цвет помады L24	№19 Крем роза/ перл.
Цвет помады L24	№20 Карамелька / перл.
Цвет помады L24	№23 Спелая вишня/ глянец
Цвет помады L24	№25 Pink rose/ глянец
Цвет помады L24	№26 Пепельная роза / глянец
Цвет помады L24	№028 Яркая фуксия/ глянец
Цвет помады L24	№030 Молочная карамель / глянец
Цвет помады L24	№041 Жемчужный розовый/ перл.
Цвет помады L24	№043 Страстный поцелуй/перл
Цвет помады L24	№044 Розовая сирень/ перл.
Цвет помады L24	№045 Признание в любви/ перл.
Цвет помады L24	№053 Рубин/ перл.
Цвет помады L24	№058 Темный рубин/ перл.
Цвет помады L24	№066 Бархатная вишня/ перл.
Цвет помады L24	№068 Горячий розовый/ перл.
Цвет помады L24	№069 Терракот темный/ глянец
Цвет помады L24	№084 Ягодный поцелуй/ глянец
Цвет помады L24	№090 Спелая вишня/ глянец
Цвет помады L24	№095 Тигровая лилия/ перл.
Цвет помады L24	№096 Ягодный мусс/ перл.
Цвет помады L24	№100 Натурель/ глянец
Цвет помады L24	№100A Натурель-беж / глянец
Цвет помады L24	№105 Молочный шоколад/ глянец
Цвет помады L24	№109 Капучино/ глянец
Цвет помады L24	№114 Розовый атлас/перл
Цвет помады L24	№116 Брусничная роса/ перл
Цвет помады L24	№117 Коричневый глянец/ глянец
Цвет помады L24	№118 Карамельная река/ глянец
Цвет помады L24	№122 Багряный закат/ перламутр
Цвет помады L24	№126 Помада Монро/ глянец
Цвет помады L24	№130 Натуральый / перл.
Цвет помады L24	№142 Терракот / глянец
Цвет помады L24	№168 Кремовый терракот/ глянец
Цвет помады L24	№169 Magenta/ перл.
Цвет помады L24	№196 Пастельно-розовый/ глянец
Цвет помады L24	№199 Розовые мечты/ перл.
Цвет помады L24	№215 Коралловый рай/ глянец
Цвет помады L24	№225 Переливающаяся фуксия/ перл.
Цвет помады L24	№241
Цвет помады L24	№242 Изысканный беж/ глянец
Цвет помады L24	№271 Золотое руно/ перл.
Цвет помады L24	№322 Розовый мрамор/ перл
Цвет помады L24	№324 Благородная фуксия/ глянец
Цвет помады L24	№330 Сердолик/ перл.
Цвет помады L24	№339 Розовая орхидея/ перл.
Цвет помады L24	№408 Розовое пламя/ перл
Цвет помады L24	№410 Тосканская роза/ глянец
Цвет помады L24	№421 Теплый натуральный/ глянец
Цвет помады L24	№438 Сиреневая орхидея/ перл.
Цвет помады L24	№446 Лиловый всплеск/ перл.
Цвет помады L24	№448 Сладкая вишня/ перл.
Цвет помады L24	№450 Идеальная роза/ глянец
Цвет помады L24	№515 Отблеск любви/ перл.
Цвет помады L24	№517 Гранат/ перл.
Цвет помады L24	№550 Вишневый коктейль/ перл.
Цвет помады L24	№600 Бежевая классика/ глянец
Цвет помады L24	№632 Глубокий сиреневый/ перл.
Цвет помады L24	№634 Розовое парфе/ перл.
Цвет помады L24	№644 Любовь-морковь/ глянец
Цвет помады L24	№665 Лава любви/ глянец
Цвет помады L24	№683 Розовый бриллиант/ перл.
Цвет помады Repair Lip Care	№1
Цвет помады Repair Lip Care	№2
Цвет помады Repair Lip Care	№3
Цвет помады Repair Lip Care	№4
Цвет помады Repair Lip Care	№5
Цвет помады Repair Lip Care	№6
Цвет помады Silky Perfection Lipstick	№501
Цвет помады Silky Perfection Lipstick	№502
Цвет помады Silky Perfection Lipstick	№503
Цвет помады Silky Perfection Lipstick	№504
Цвет помады Silky Perfection Lipstick	№505
Цвет помады Silky Perfection Lipstick	№506
Цвет помады Silky Perfection Lipstick	№507
Цвет помады Silky Perfection Lipstick	№508
Цвет помады Silky Perfection Lipstick	№509
Цвет помады Silky Perfection Lipstick	№510
Цвет помады Silky Perfection Lipstick	№511
Цвет помады Silky Perfection Lipstick	№512
Цвет теней Eyebrow 2 in 1	№1
Цвет теней Eyebrow 2 in 1	№2
Цвет теней Eyebrow 2 in 1	№3
Цвет теней Eyebrow 2 in 1	№4
Цвет теней Eyebrow 2 in 1	№5
Цвет теней Eyebrow 2 in 1	№6
Цвет теней Eyebrow 2 in 1	№7
Цвет теней Eyebrow 2 in 1	№8
Цвет теней Eyebrow 2 in 1	№9
Цвет теней Liquid Metal	№1
Цвет теней Liquid Metal	№2
Цвет теней Liquid Metal	№3
Цвет теней Liquid Metal	№4
Цвет теней Liquid Metal	№5
Цвет теней Liquid Metal	№6
Цвет теней Liquid Metal	№7
Цвет теней Liquid Metal	№8
Цвет теней Liquid Metal	№9
Цвет теней Liquid Metal	№10
Цвет теней Liquid Metal	№11
Цвет теней Liquid Metal	№12
Цвет теней Metal Foil	№1
Цвет теней Metal Foil	№2
Цвет теней Metal Foil	№3
Цвет теней Metal Foil	№4
Цвет теней Metal Foil	№5
Цвет теней Metal Foil	№6
Цвет теней Mono	№1
Цвет теней Mono	№2
Цвет теней Mono	№3
Цвет теней Mono	№4
Цвет теней Mono	№5
Цвет теней Mono	№6
Цвет теней Shimmering Shine	№1
Цвет теней Shimmering Shine	№2
Цвет теней Shimmering Shine	№3
Цвет теней Shimmering Shine	№4
Цвет теней Shimmering Shine	№5
Цвет теней Shimmering Shine	№6
Цвет теней Trio	№1
Цвет теней Trio	№2
Цвет теней Trio	№3
Цвет туши для бровей Brow Sculpt Mascara & Pencil Art	Blond
Цвет туши для бровей Brow Sculpt Mascara & Pencil Art	Light Brown
Цвет туши для бровей Brow Sculpt Mascara & Pencil Art	Medium