Артикул		7616
Артикул		9830
Артикул		AP820
Артикул		BF 317
Артикул		BF101
Артикул		BF105
Артикул		BF106
Артикул		BME 17
Артикул		BR143
Артикул		BR152
Артикул		CN 38
Артикул		CSB01
Артикул		E 10D
Артикул		E 155
Артикул		E 508
Артикул		E 518
Артикул		E119
Артикул		E224
Артикул		E233
Артикул		E251
Артикул		E312
Артикул		E359
Артикул		E494
Артикул		EB 01
Артикул		EB 06
Артикул		EB07
Артикул		EL161
Артикул		EMF01
Артикул		EP 06
Артикул		EP 12
Артикул		EP 193
Артикул		EP123
Артикул		EP188
Артикул		ES 406
Артикул		ES 412
Артикул		ES 458
Артикул		ES 539
Артикул		ES 834
Артикул		FC53
Артикул		FIX86
Артикул		FT 17
Артикул		L24
Артикул		L240
Артикул		L248
Артикул		LB62
Артикул		LB71
Артикул		LB80
Артикул		LG 19
Артикул		LP15
Артикул		MIR02
Артикул		PP-612
Артикул		PP-624
Артикул		PP35
Артикул		PP44
Артикул		PP638
Артикул		PR69
Артикул		PR98
Артикул		SH18
Артикул		SQ88
Артикул		В 608
Артикул		В 712
Артикул		В819
Артикул		В926
Артикул		В955
Артикул		ВВ33
Артикул		РР88
Артикул		СС26
Артикул		ТК 12
Вкус		Banana
Вкус		Bubblegum
Вкус		Candy
Вкус		Grape
Вкус		Grapefruit
Вкус		Lemon
Вкус		Melon
Вкус		Mulberry
Вкус		Orange
Вкус		Peach
Вкус		Raspberry
Вкус		Strawberry
Вкус		Vanila
Вкус		Watermelon
Наши предложения		Новинка
Наши предложения		Хит продаж
Наши предложения		Эксклюзив
Объём/вес нетто (1 шт.)		0,25г
Объём/вес нетто (1 шт.)		0,5 г
Объём/вес нетто (1 шт.)		0,6 г
Объём/вес нетто (1 шт.)		0.3 г
Объём/вес нетто (1 шт.)		0.36 г
Объём/вес нетто (1 шт.)		0.8 г
Объём/вес нетто (1 шт.)		1 г
Объём/вес нетто (1 шт.)		1,2 г
Объём/вес нетто (1 шт.)		1,3 г
Объём/вес нетто (1 шт.)		1.25 г
Объём/вес нетто (1 шт.)		1.5 г
Объём/вес нетто (1 шт.)		1.8 г
Объём/вес нетто (1 шт.)		10 г
Объём/вес нетто (1 шт.)		10,77 г
Объём/вес нетто (1 шт.)		10.24 г
Объём/вес нетто (1 шт.)		11,7 г
Объём/вес нетто (1 шт.)		12 г
Объём/вес нетто (1 шт.)		12,7 г
Объём/вес нетто (1 шт.)		13,5 г
Объём/вес нетто (1 шт.)		14.8 г
Объём/вес нетто (1 шт.)		15 мл
Объём/вес нетто (1 шт.)		15.3 г
Объём/вес нетто (1 шт.)		19.5 г
Объём/вес нетто (1 шт.)		2.4 мл, 0.35 г
Объём/вес нетто (1 шт.)		25 г
Объём/вес нетто (1 шт.)		3,8 г
Объём/вес нетто (1 шт.)		3.8 г
Объём/вес нетто (1 шт.)		30 г
Объём/вес нетто (1 шт.)		30 мл
Объём/вес нетто (1 шт.)		4 г
Объём/вес нетто (1 шт.)		4,5 г
Объём/вес нетто (1 шт.)		4.5 г
Объём/вес нетто (1 шт.)		4.60 г
Объём/вес нетто (1 шт.)		5,1 мл
Объём/вес нетто (1 шт.)		5,1мл
Объём/вес нетто (1 шт.)		5,5 г
Объём/вес нетто (1 шт.)		5,5 мл
Объём/вес нетто (1 шт.)		5,8 г
Объём/вес нетто (1 шт.)		5.2 г
Объём/вес нетто (1 шт.)		5.5 г
Объём/вес нетто (1 шт.)		6 г
Объём/вес нетто (1 шт.)		6,5 г
Объём/вес нетто (1 шт.)		7.2 г
Объём/вес нетто (1 шт.)		75 мл
Объём/вес нетто (1 шт.)		8 г
Объём/вес нетто (1 шт.)		9 г
Палитра теней для век	/image/catalog/glaza/teni-dlja-vek/487/487-Palitra-tenei-dlja-vek-No109.jpg	№109
Палитра теней для век	/image/catalog/glaza/teni-dlja-vek/487/487-Palitra-tenei-dlja-vek-No112.jpg	№112
Палитра теней для век	/image/catalog/glaza/teni-dlja-vek/487/487-Palitra-tenei-dlja-vek-No139.jpg	№139
Палитра теней для век	/image/catalog/glaza/teni-dlja-vek/487/487-Palitra-tenei-dlja-vek-No140.jpg	№140
Палитра теней для век	/image/catalog/glaza/teni-dlja-vek/492/492-Palitra-tenei-dlja-vek-No101.jpg	№101
Палитра теней для век	/image/catalog/glaza/teni-dlja-vek/492/492-Palitra-tenei-dlja-vek-No113.jpg	№113
Палитра теней для век	/image/catalog/glaza/teni-dlja-vek/492/492-Palitra-tenei-dlja-vek-No128.jpg	№128
Палитра теней для век	/image/catalog/glaza/teni-dlja-vek/492/492-Palitra-tenei-dlja-vek-No203.jpg	№203
Палитра теней для век	/image/catalog/glaza/teni-dlja-vek/497/497-Palitra-tenei-dlja-vek-No117.jpg	№117
Палитра теней для век	/image/catalog/glaza/teni-dlja-vek/497/497-Palitra-tenei-dlja-vek-No141.jpg	№141
Палитра теней для век	/image/catalog/glaza/teni-dlja-vek/497/497-Palitra-tenei-dlja-vek-No201.jpg	№201
Палитра теней для век	/image/catalog/glaza/teni-dlja-vek/497/497-Palitra-tenei-dlja-vek-No55.jpg	№55
Тон BB Cream Face Control	/image/catalog/lico/pudra-i-tonalnye-sredstva/555/555-Ton-BB-Cream-Face-Control-No1.jpg	№1
Тон BB Cream Face Control	/image/catalog/lico/pudra-i-tonalnye-sredstva/555/555-Ton-BB-Cream-Face-Control-No2.jpg	№2
Тон BB Cream Face Control	/image/catalog/lico/pudra-i-tonalnye-sredstva/555/555-Ton-BB-Cream-Face-Control-No3.jpg	№3
Тон BB Cream Face Control	/image/catalog/lico/pudra-i-tonalnye-sredstva/555/555-Ton-BB-Cream-Face-Control-No4.jpg	№4
Тон CС Cream Complex Correct	/image/catalog/lico/pudra-i-tonalnye-sredstva/559/559-Ton-CS-Cream-Complex-Correct-No1.jpg	№1
Тон CС Cream Complex Correct	/image/catalog/lico/pudra-i-tonalnye-sredstva/559/559-Ton-CS-Cream-Complex-Correct-No2.jpg	№2
Тон CС Cream Complex Correct	/image/catalog/lico/pudra-i-tonalnye-sredstva/559/559-Ton-CS-Cream-Complex-Correct-No3.jpg	№3
Тон консилера	/image/catalog/lico/pudra-i-tonalnye-sredstva/172/172-Ton-konsilera-No1.jpg	№1
Тон консилера	/image/catalog/lico/pudra-i-tonalnye-sredstva/172/172-Ton-konsilera-No2.jpg	№2
Тон консилера	/image/catalog/lico/pudra-i-tonalnye-sredstva/172/172-Ton-konsilera-No3.jpg	№3
Тон консилера	/image/catalog/lico/pudra-i-tonalnye-sredstva/172/172-Ton-konsilera-No4.jpg	№4
Тон основы	/image/catalog/lico/pudra-i-tonalnye-sredstva/184/184-Ton-osnovy-No1.jpg	№1
Тон основы	/image/catalog/lico/pudra-i-tonalnye-sredstva/184/184-Ton-osnovy-No2.jpg	№2
Тон основы	/image/catalog/lico/pudra-i-tonalnye-sredstva/184/184-Ton-osnovy-No3.jpg	№3
Тон основы	/image/catalog/lico/pudra-i-tonalnye-sredstva/184/184-Ton-osnovy-No4.jpg	№4
Тон пудры Compact Face Base	/image/catalog/lico/pudra-i-tonalnye-sredstva/539/539-Ton-pudry-Compact-Face-Base-No2.jpg	№1
Тон пудры Compact Face Base	/image/catalog/lico/pudra-i-tonalnye-sredstva/539/539-Ton-pudry-Compact-Face-Base-No2.jpg	№2
Тон пудры Compact Face Base	/image/catalog/lico/pudra-i-tonalnye-sredstva/539/539-Ton-pudry-Compact-Face-Base-No3.jpg	№3
Тон пудры Compact Face Base	/image/catalog/lico/pudra-i-tonalnye-sredstva/539/539-Ton-pudry-Compact-Face-Base-No4.jpg	№4
Тон пудры Loving Care Foundation	/image/catalog/lico/pudra-i-tonalnye-sredstva/167/167-Ton-pudry-Loving-Care-Foundation-No1.jpg	№1
Тон пудры Loving Care Foundation	/image/catalog/lico/pudra-i-tonalnye-sredstva/167/167-Ton-pudry-Loving-Care-Foundation-No10.jpg	№10
Тон пудры Loving Care Foundation	/image/catalog/lico/pudra-i-tonalnye-sredstva/167/167-Ton-pudry-Loving-Care-Foundation-No11.jpg	№11
Тон пудры Loving Care Foundation	/image/catalog/lico/pudra-i-tonalnye-sredstva/167/167-Ton-pudry-Loving-Care-Foundation-No12.jpg	№12
Тон пудры Loving Care Foundation	/image/catalog/lico/pudra-i-tonalnye-sredstva/167/167-Ton-pudry-Loving-Care-Foundation-No2.jpg	№2
Тон пудры Loving Care Foundation	/image/catalog/lico/pudra-i-tonalnye-sredstva/167/167-Ton-pudry-Loving-Care-Foundation-No3.jpg	№3
Тон пудры Loving Care Foundation	/image/catalog/lico/pudra-i-tonalnye-sredstva/167/167-Ton-pudry-Loving-Care-Foundation-No4.jpg	№4
Тон пудры Loving Care Foundation	/image/catalog/lico/pudra-i-tonalnye-sredstva/167/167-Ton-pudry-Loving-Care-Foundation-No5.jpg	№5
Тон пудры Loving Care Foundation	/image/catalog/lico/pudra-i-tonalnye-sredstva/167/167-Ton-pudry-Loving-Care-Foundation-No6.jpg	№6
Тон пудры Loving Care Foundation	/image/catalog/lico/pudra-i-tonalnye-sredstva/167/167-Ton-pudry-Loving-Care-Foundation-No7.jpg	№7
Тон пудры Loving Care Foundation	/image/catalog/lico/pudra-i-tonalnye-sredstva/167/167-Ton-pudry-Loving-Care-Foundation-No8.jpg	№8
Тон пудры Matte Compliment	/image/catalog/lico/pudra-i-tonalnye-sredstva/548/548-Ton-pudry-Matte-Compliment-No1.jpg	№1
Тон пудры Matte Compliment	/image/catalog/lico/pudra-i-tonalnye-sredstva/548/548-Ton-pudry-Matte-Compliment-No2.jpg	№2
Тон пудры Matte Compliment	/image/catalog/lico/pudra-i-tonalnye-sredstva/548/548-Ton-pudry-Matte-Compliment-No3.jpg	№3
Тон пудры Matte Compliment	/image/catalog/lico/pudra-i-tonalnye-sredstva/548/548-Ton-pudry-Matte-Compliment-No4.jpg	№4
Тон пудры Puff Foundation	/image/catalog/lico/pudra-i-tonalnye-sredstva/154/154-Ton-pudry-Puff-Foundation-No1.jpg	№1
Тон пудры Puff Foundation	/image/catalog/lico/pudra-i-tonalnye-sredstva/154/154-Ton-pudry-Puff-Foundation-No10.jpg	№10
Тон пудры Puff Foundation	/image/catalog/lico/pudra-i-tonalnye-sredstva/154/154-Ton-pudry-Puff-Foundation-No11.jpg	№11
Тон пудры Puff Foundation	/image/catalog/lico/pudra-i-tonalnye-sredstva/154/154-Ton-pudry-Puff-Foundation-No12.jpg	№12
Тон пудры Puff Foundation	/image/catalog/lico/pudra-i-tonalnye-sredstva/154/154-Ton-pudry-Puff-Foundation-No13.jpg	№13
Тон пудры Puff Foundation	/image/catalog/lico/pudra-i-tonalnye-sredstva/154/154-Ton-pudry-Puff-Foundation-No14.jpg	№14
Тон пудры Puff Foundation	/image/catalog/lico/pudra-i-tonalnye-sredstva/154/154-Ton-pudry-Puff-Foundation-No2.jpg	№2
Тон пудры Puff Foundation	/image/catalog/lico/pudra-i-tonalnye-sredstva/154/154-Ton-pudry-Puff-Foundation-No3.jpg	№3
Тон пудры Puff Foundation	/image/catalog/lico/pudra-i-tonalnye-sredstva/154/154-Ton-pudry-Puff-Foundation-No4.jpg	№4
Тон пудры Puff Foundation	/image/catalog/lico/pudra-i-tonalnye-sredstva/154/154-Ton-pudry-Puff-Foundation-No5.jpg	№5
Тон пудры Puff Foundation	/image/catalog/lico/pudra-i-tonalnye-sredstva/154/154-Ton-pudry-Puff-Foundation-No6.jpg	№6
Тон пудры Puff Foundation	/image/catalog/lico/pudra-i-tonalnye-sredstva/154/154-Ton-pudry-Puff-Foundation-No7.jpg	№7
Тон пудры Puff Foundation	/image/catalog/lico/pudra-i-tonalnye-sredstva/154/154-Ton-pudry-Puff-Foundation-No8.jpg	№8
Тон пудры Puff Foundation	/image/catalog/lico/pudra-i-tonalnye-sredstva/154/154-Ton-pudry-Puff-Foundation-No9.jpg	№9
Тон пудры Super Stay	/image/catalog/lico/pudra-i-tonalnye-sredstva/134/134-Ton-pudry-Super-Stay-No1.jpg	№1
Тон пудры Super Stay	/image/catalog/lico/pudra-i-tonalnye-sredstva/134/134-Ton-pudry-Super-Stay-No2.jpg	№2
Тон пудры Super Stay	/image/catalog/lico/pudra-i-tonalnye-sredstva/134/134-Ton-pudry-Super-Stay-No3.jpg	№3
Тон пудры Super Stay	/image/catalog/lico/pudra-i-tonalnye-sredstva/134/134-Ton-pudry-Super-Stay-No4.jpg	№4
Тон пудры Super Stay	/image/catalog/lico/pudra-i-tonalnye-sredstva/134/134-Ton-pudry-Super-Stay-No5.jpg	№5
Тон пудры Super Stay	/image/catalog/lico/pudra-i-tonalnye-sredstva/134/134-Ton-pudry-Super-Stay-No6.jpg	№6
Тон пудры Two Way Cake	/image/catalog/lico/pudra-i-tonalnye-sredstva/120/120-Ton-pudry-Two-Way-Cake-No1.jpg	№1
Тон пудры Two Way Cake	/image/catalog/lico/pudra-i-tonalnye-sredstva/120/120-Ton-pudry-Two-Way-Cake-No10.jpg	№10
Тон пудры Two Way Cake	/image/catalog/lico/pudra-i-tonalnye-sredstva/120/120-Ton-pudry-Two-Way-Cake-No11.jpg	№11
Тон пудры Two Way Cake	/image/catalog/lico/pudra-i-tonalnye-sredstva/120/120-Ton-pudry-Two-Way-Cake-No12.jpg	№12
Тон пудры Two Way Cake	/image/catalog/lico/pudra-i-tonalnye-sredstva/120/120-Ton-pudry-Two-Way-Cake-No13.jpg	№13
Тон пудры Two Way Cake	/image/catalog/lico/pudra-i-tonalnye-sredstva/120/120-Ton-pudry-Two-Way-Cake-No14.jpg	№14
Тон пудры Two Way Cake	/image/catalog/lico/pudra-i-tonalnye-sredstva/120/120-Ton-pudry-Two-Way-Cake-No15.jpg	№15
Тон пудры Two Way Cake	/image/catalog/lico/pudra-i-tonalnye-sredstva/120/120-Ton-pudry-Two-Way-Cake-No16.jpg	№16
Тон пудры Two Way Cake	/image/catalog/lico/pudra-i-tonalnye-sredstva/120/120-Ton-pudry-Two-Way-Cake-No17.jpg	№17
Тон пудры Two Way Cake	/image/catalog/lico/pudra-i-tonalnye-sredstva/120/120-Ton-pudry-Two-Way-Cake-No18.jpg	№18
Тон пудры Two Way Cake	/image/catalog/lico/pudra-i-tonalnye-sredstva/120/120-Ton-pudry-Two-Way-Cake-No2.jpg	№2
Тон пудры Two Way Cake	/image/catalog/lico/pudra-i-tonalnye-sredstva/120/120-Ton-pudry-Two-Way-Cake-No3.jpg	№3
Тон пудры Two Way Cake	/image/catalog/lico/pudra-i-tonalnye-sredstva/120/120-Ton-pudry-Two-Way-Cake-No4.jpg	№4
Тон пудры Two Way Cake	/image/catalog/lico/pudra-i-tonalnye-sredstva/120/120-Ton-pudry-Two-Way-Cake-No5.jpg	№5
Тон пудры Two Way Cake	/image/catalog/lico/pudra-i-tonalnye-sredstva/120/120-Ton-pudry-Two-Way-Cake-No6.jpg	№6
Тон пудры Two Way Cake	/image/catalog/lico/pudra-i-tonalnye-sredstva/120/120-Ton-pudry-Two-Way-Cake-No7.jpg	№7
Тон пудры Two Way Cake	/image/catalog/lico/pudra-i-tonalnye-sredstva/120/120-Ton-pudry-Two-Way-Cake-No8.jpg	№8
Тон пудры Two Way Cake	/image/catalog/lico/pudra-i-tonalnye-sredstva/120/120-Ton-pudry-Two-Way-Cake-No9.jpg	№9
Тон пудры воздушной	/image/catalog/lico/pudra-i-tonalnye-sredstva/139/139-Ton-pudry-vozdushnoi-No1.jpg	№1
Тон пудры воздушной	/image/catalog/lico/pudra-i-tonalnye-sredstva/139/139-Ton-pudry-vozdushnoi-No2.jpg	№2
Тон пудры воздушной	/image/catalog/lico/pudra-i-tonalnye-sredstva/139/139-Ton-pudry-vozdushnoi-No3.jpg	№3
Тон пудры воздушной	/image/catalog/lico/pudra-i-tonalnye-sredstva/139/139-Ton-pudry-vozdushnoi-No4.jpg	№4
Тон румян Beauty Monster Face Color Perfecting Palette	/image/catalog/lico/rumjana-i-hailaitery/563/563-Ton-rumjan-Beauty-Monster-Face-Color-Perfecting-Palette-No1.jpg	№1
Тон румян Beauty Monster Face Color Perfecting Palette	/image/catalog/lico/rumjana-i-hailaitery/563/563-Ton-rumjan-Beauty-Monster-Face-Color-Perfecting-Palette-No2.jpg	№2
Тон румян Beauty Monster Face Color Perfecting Palette	/image/catalog/lico/rumjana-i-hailaitery/563/563-Ton-rumjan-Beauty-Monster-Face-Color-Perfecting-Palette-No3.jpg	№3
Тон румян Mosaic	/image/catalog/lico/rumjana-i-hailaitery/193/193-Ton-rumjan-Mosaic-No1.jpg	№1
Тон румян Mosaic	/image/catalog/lico/rumjana-i-hailaitery/193/193-Ton-rumjan-Mosaic-No2.jpg	№2
Тон румян Mosaic	/image/catalog/lico/rumjana-i-hailaitery/193/193-Ton-rumjan-Mosaic-No3.jpg	№3
Тон румян Mosaic	/image/catalog/lico/rumjana-i-hailaitery/193/193-Ton-rumjan-Mosaic-No4.jpg	№4
Тон румян Natural Glow	/image/catalog/lico/rumjana-i-hailaitery/713/713-Ton-rumjan-Natural-Glow-No1.jpg	№1
Тон румян Natural Glow	/image/catalog/lico/rumjana-i-hailaitery/713/713-Ton-rumjan-Natural-Glow-No2.jpg	№2
Тон румян Natural Glow	/image/catalog/lico/rumjana-i-hailaitery/713/713-Ton-rumjan-Natural-Glow-No3.jpg	№3
Тон румян Natural Glow	/image/catalog/lico/rumjana-i-hailaitery/713/713-Ton-rumjan-Natural-Glow-No4.jpg	№4
Тон румян Natural Glow	/image/catalog/lico/rumjana-i-hailaitery/713/713-Ton-rumjan-Natural-Glow-No5.jpg	№5
Тон румян Natural Glow	/image/catalog/lico/rumjana-i-hailaitery/713/713-Ton-rumjan-Natural-Glow-No6.jpg	№6
Тон румян Soft Blush	/image/catalog/lico/rumjana-i-hailaitery/565/565-Ton-rumjan-Soft-Blush-No1.jpg	№1
Тон румян Soft Blush	/image/catalog/lico/rumjana-i-hailaitery/565/565-Ton-rumjan-Soft-Blush-No2.jpg	№2
Тон румян Soft Blush	/image/catalog/lico/rumjana-i-hailaitery/565/565-Ton-rumjan-Soft-Blush-No3.jpg	№3
Тон румян Soft Blush	/image/catalog/lico/rumjana-i-hailaitery/565/565-Ton-rumjan-Soft-Blush-No4.jpg	№4
Тон румян из набора 2 тона	/image/catalog/lico/rumjana-i-hailaitery/460/460-Ton-rumjan-iz-nabora-2-tona-No11.jpg	№11
Тон румян из набора 2 тона	/image/catalog/lico/rumjana-i-hailaitery/460/460-Ton-rumjan-iz-nabora-2-tona-No18.jpg	№18
Тон румян из набора 2 тона	/image/catalog/lico/rumjana-i-hailaitery/460/460-Ton-rumjan-iz-nabora-2-tona-No49.jpg	№49
Тон румян из набора 2 тона	/image/catalog/lico/rumjana-i-hailaitery/460/460-Ton-rumjan-iz-nabora-2-tona-No50.jpg	№50
Тон румян из набора 2 тона	/image/catalog/lico/rumjana-i-hailaitery/460/460-Ton-rumjan-iz-nabora-2-tona-No53.jpg	№53
Тон румян из набора 2 тона	/image/catalog/lico/rumjana-i-hailaitery/467/467-Ton-rumjan-iz-nabora-2-tona-No14.jpg	№14
Тон румян из набора 2 тона	/image/catalog/lico/rumjana-i-hailaitery/467/467-Ton-rumjan-iz-nabora-2-tona-No20.jpg	№20
Тон румян из набора 2 тона	/image/catalog/lico/rumjana-i-hailaitery/467/467-Ton-rumjan-iz-nabora-2-tona-No4.jpg	№4
Тон румян из набора 2 тона	/image/catalog/lico/rumjana-i-hailaitery/467/467-Ton-rumjan-iz-nabora-2-tona-No6.jpg	№6
Тон румян из набора 2 тона	/image/catalog/lico/rumjana-i-hailaitery/467/467-Ton-rumjan-iz-nabora-2-tona-No7.jpg	№7
Тон хайлайтера	/image/catalog/lico/rumjana-i-hailaitery/188/188-Ton-hailaitera-No1.jpg	№1
Тон хайлайтера	/image/catalog/lico/rumjana-i-hailaitery/188/188-Ton-hailaitera-No2.jpg	№2
Тон хайлайтера	/image/catalog/lico/rumjana-i-hailaitery/188/188-Ton-hailaitera-No3.jpg	№3
Тон хайлайтера Highlighting Powder	/image/catalog/lico/rumjana-i-hailaitery/543/543-Ton-hailaitera-Highlighting-Powder-No1.jpg	№1
Тон хайлайтера Highlighting Powder	/image/catalog/lico/rumjana-i-hailaitery/543/543-Ton-hailaitera-Highlighting-Powder-No2.jpg	№2
Цвет Бальзам для губ My Doll	/image/catalog/guby/balzam-dlja-gub/602/602-Cvet-No1.jpg	№1
Цвет Бальзам для губ My Doll	/image/catalog/guby/balzam-dlja-gub/602/602-Cvet-No2.jpg	№2
Цвет Бальзам для губ My Doll	/image/catalog/guby/balzam-dlja-gub/602/602-Cvet-No3.jpg	№3
Цвет Бальзам для губ My Doll	/image/catalog/guby/balzam-dlja-gub/602/602-Cvet-No4.jpg	№4
Цвет Карандаш автоматический с встроенной точилкой		Черный
Цвет Подводка для глаз Deep Eyeliner E10D		Черный
Цвет Подводка для глаз Perfect Eyeliner E508		Черный
Цвет Подводка-маркер Precision Line ES834		Черный
Цвет Тени для век Color Bar Palette	/image/catalog/glaza/teni-dlja-vek/448/448-Cvet-No1.jpg	№1
Цвет Тени для век Color Bar Palette	/image/catalog/glaza/teni-dlja-vek/448/448-Cvet-No2.jpg	№2
Цвет Тени для век Color Bar Palette	/image/catalog/glaza/teni-dlja-vek/448/448-Cvet-No3.jpg	№3
Цвет Тени для век Color Bar Palette	/image/catalog/glaza/teni-dlja-vek/448/448-Cvet-No4.jpg	№4
Цвет Тени для век Color Bar Palette	/image/catalog/glaza/teni-dlja-vek/448/448-Cvet-No5.jpg	№5
Цвет Тени для век Color Planchet	/image/catalog/glaza/teni-dlja-vek/668/668-Cvet-No1.jpg	№1
Цвет Тени для век Color Planchet	/image/catalog/glaza/teni-dlja-vek/668/668-Cvet-No2.jpg	№2
Цвет Тени для век Color Planchet	/image/catalog/glaza/teni-dlja-vek/668/668-Cvet-No3.jpg	№3
Цвет Тени для век Color Planchet	/image/catalog/glaza/teni-dlja-vek/668/668-Cvet-No4.jpg	№4
Цвет Тени для век Effective Look	/image/catalog/glaza/teni-dlja-vek/671/671-Cvet-No1.jpg	№1
Цвет Тени для век Effective Look	/image/catalog/glaza/teni-dlja-vek/671/671-Cvet-No2.jpg	№2
Цвет Тени для век Glam Look	/image/catalog/glaza/teni-dlja-vek/630/630-Cvet-No1.jpg	№1
Цвет Тени для век Glam Look	/image/catalog/glaza/teni-dlja-vek/630/630-Cvet-No2.jpg	№2
Цвет Тени для век Glam Look	/image/catalog/glaza/teni-dlja-vek/630/630-Cvet-No3.jpg	№3
Цвет Тени для век Glam Look	/image/catalog/glaza/teni-dlja-vek/630/630-Cvet-No4.jpg	№4
Цвет Тени для век Glitter Quad	/image/catalog/glaza/teni-dlja-vek/650/650-Cvet-No1.jpg	№1
Цвет Тени для век Glitter Quad	/image/catalog/glaza/teni-dlja-vek/650/650-Cvet-No2.jpg	№2
Цвет Тени для век Harmony	/image/catalog/glaza/teni-dlja-vek/453/453-Cvet-No1.jpg	№1
Цвет Тени для век Harmony	/image/catalog/glaza/teni-dlja-vek/453/453-Cvet-No2.jpg	№2
Цвет Тени для век Harmony	/image/catalog/glaza/teni-dlja-vek/453/453-Cvet-No3.jpg	№3
Цвет Тени для век Harmony	/image/catalog/glaza/teni-dlja-vek/453/453-Cvet-No4.jpg	№4
Цвет Тени для век Procolor	/image/catalog/glaza/teni-dlja-vek/647/647-Cvet-No1.png	№1
Цвет Тени для век Procolor	/image/catalog/glaza/teni-dlja-vek/647/647-Cvet-No2.jpg	№2
Цвет Тени для век Professional Colors	/image/catalog/glaza/teni-dlja-vek/625/625-Cvet-No1.jpg	№1
Цвет Тени для век Professional Colors	/image/catalog/glaza/teni-dlja-vek/625/625-Cvet-No2.jpg	№2
Цвет Тени для век Professional Colors	/image/catalog/glaza/teni-dlja-vek/625/625-Cvet-No3.jpg	№3
Цвет Тени для век Professional Colors	/image/catalog/glaza/teni-dlja-vek/625/625-Cvet-No4.jpg	№4
Цвет Тени для век Soft Breeze Palette	/image/catalog/glaza/teni-dlja-vek/442/442-Cvet-No1.jpg	№1
Цвет Тени для век Soft Breeze Palette	/image/catalog/glaza/teni-dlja-vek/442/442-Cvet-No2.jpg	№2
Цвет Тени для век Soft Breeze Palette	/image/catalog/glaza/teni-dlja-vek/442/442-Cvet-No3.jpg	№3
Цвет Тени для век и бровей Perfect Brow Kit	/image/catalog/brovi/teni-dlja-vek-i-brovei/698/698-Cvet-No1.jpg	№1
Цвет Тени для век и бровей Perfect Brow Kit	/image/catalog/brovi/teni-dlja-vek-i-brovei/698/698-Cvet-No2.jpg	№2
Цвет Тени для век и бровей Perfect Brow Kit	/image/catalog/brovi/teni-dlja-vek-i-brovei/698/698-Cvet-No3.jpg	№3
Цвет карандаша	/image/catalog/glaza/karandashi/509/509-Cvet-karandasha-Black.jpg	Black
Цвет карандаша	/image/catalog/glaza/karandashi/509/509-Cvet-karandasha-Brown.jpg	Brown
Цвет карандаша	/image/catalog/glaza/karandashi/509/509-Cvet-karandasha-Dark-grey.jpg	Dark grey
Цвет карандаша	/image/catalog/glaza/karandashi/516/516-Cvet-karandasha-Black.jpg	Black
Цвет карандаша	/image/catalog/glaza/karandashi/516/516-Cvet-karandasha-Blond-Brown.jpg	Blond Brown
Цвет карандаша	/image/catalog/glaza/karandashi/516/516-Cvet-karandasha-Brown.jpg	Brown
Цвет карандаша	/image/catalog/glaza/karandashi/516/516-Cvet-karandasha-Dark-Brown.jpg	Dark Brown
Цвет карандаша	/image/catalog/glaza/karandashi/516/516-Cvet-karandasha-Dark-grey.jpg	Dark grey
Цвет карандаша	/image/catalog/glaza/karandashi/520/520-Cvet-karandasha-Black.jpg	Black
Цвет карандаша	/image/catalog/glaza/karandashi/520/520-Cvet-karandasha-Brown.jpg	Brown
Цвет карандаша	/image/catalog/glaza/karandashi/520/520-Cvet-karandasha-Dark-Blue.jpg	Dark Blue
Цвет карандаша	/image/catalog/glaza/karandashi/520/520-Cvet-karandasha-Pearl-Blue.jpg	Pearl Blue
Цвет карандаша	/image/catalog/glaza/karandashi/520/520-Cvet-karandasha-Pearl-Green-Blue.jpg	Pearl Green-Blue
Цвет карандаша	/image/catalog/glaza/karandashi/520/520-Cvet-karandasha-Pearl-navy.jpg	Pearl navy
Цвет карандаша	/image/catalog/glaza/karandashi/681/681-Cvet-karandasha-Black.jpg	Black
Цвет карандаша	/image/catalog/glaza/karandashi/681/681-Cvet-karandasha-Dark-Blue.jpg	Dark Blue
Цвет карандаша	/image/catalog/glaza/karandashi/681/681-Cvet-karandasha-Dark-Brown.jpg	Dark Brown
Цвет карандаша Brow + Brush Pencil	/image/catalog/brovi/karandash-dlja-brovei/694/694-Cvet-karandasha-Brow--Brush-Pencil-Black.jpg	Black
Цвет карандаша Brow + Brush Pencil	/image/catalog/brovi/karandash-dlja-brovei/694/694-Cvet-karandasha-Brow--Brush-Pencil-Brown.jpg	Brown
Цвет карандаша Brow + Brush Pencil	/image/catalog/brovi/karandash-dlja-brovei/694/694-Cvet-karandasha-Brow--Brush-Pencil-Gray.jpg	Gray
Цвет карандаша Tatoo Brow Microblading Ink Pen	/image/catalog/brovi/karandash-dlja-brovei/690/690-Cvet-karandasha-Tatoo-Brow-Microblading-Ink-Pen-Black.jpg	Black
Цвет карандаша Tatoo Brow Microblading Ink Pen	/image/catalog/brovi/karandash-dlja-brovei/690/690-Cvet-karandasha-Tatoo-Brow-Microblading-Ink-Pen-Blond.jpg	Blond
Цвет карандаша Tatoo Brow Microblading Ink Pen	/image/catalog/brovi/karandash-dlja-brovei/690/690-Cvet-karandasha-Tatoo-Brow-Microblading-Ink-Pen-Dark-Brown.jpg	Dark Brown
Цвет карандаша для губ Lip Control	/image/catalog/guby/karandash-dlja-gub/618/618-Cvet-karandasha-dlja-gub-Lip-Control-No01.jpg	№01
Цвет карандаша для губ Lip Control	/image/catalog/guby/karandash-dlja-gub/618/618-Cvet-karandasha-dlja-gub-Lip-Control-No02.jpg	№02
Цвет карандаша для губ Lip Control	/image/catalog/guby/karandash-dlja-gub/618/618-Cvet-karandasha-dlja-gub-Lip-Control-No03.jpg	№03
Цвет карандаша для губ Lip Control	/image/catalog/guby/karandash-dlja-gub/618/618-Cvet-karandasha-dlja-gub-Lip-Control-No04.jpg	№04
Цвет карандаша для губ Lip Control	/image/catalog/guby/karandash-dlja-gub/618/618-Cvet-karandasha-dlja-gub-Lip-Control-No05.jpg	№05
Цвет карандаша для губ Lip Control	/image/catalog/guby/karandash-dlja-gub/618/618-Cvet-karandasha-dlja-gub-Lip-Control-No06.jpg	№06
Цвет карандаша для губ Lip Control	/image/catalog/guby/karandash-dlja-gub/618/618-Cvet-karandasha-dlja-gub-Lip-Control-No07.jpg	№07
Цвет карандаша для губ Lip Control	/image/catalog/guby/karandash-dlja-gub/618/618-Cvet-karandasha-dlja-gub-Lip-Control-No08.jpg	№08
Цвет карандаша для губ Lip Control	/image/catalog/guby/karandash-dlja-gub/618/618-Cvet-karandasha-dlja-gub-Lip-Control-No09.jpg	№09
Цвет карандаша для губ Lip Control	/image/catalog/guby/karandash-dlja-gub/618/618-Cvet-karandasha-dlja-gub-Lip-Control-No10.jpg	№10
Цвет карандаша для губ Lip Control	/image/catalog/guby/karandash-dlja-gub/618/618-Cvet-karandasha-dlja-gub-Lip-Control-No11.jpg	№11
Цвет карандаша для губ Lip Control	/image/catalog/guby/karandash-dlja-gub/618/618-Cvet-karandasha-dlja-gub-Lip-Control-No12.jpg	№12
Цвет карандаша для губ Lip Control	/image/catalog/guby/karandash-dlja-gub/618/618-Cvet-karandasha-dlja-gub-Lip-Control-No13.jpg	№13
Цвет карандаша для губ Lip Control	/image/catalog/guby/karandash-dlja-gub/618/618-Cvet-karandasha-dlja-gub-Lip-Control-No14.jpg	№14
Цвет карандаша для губ Lip Control	/image/catalog/guby/karandash-dlja-gub/618/618-Cvet-karandasha-dlja-gub-Lip-Control-No15.jpg	№15
Цвет карандаша для губ Lip Control	/image/catalog/guby/karandash-dlja-gub/618/618-Cvet-karandasha-dlja-gub-Lip-Control-No16.jpg	№16
Цвет подводки	/image/catalog/glaza/podvodka-dlja-glaz/410/410-Cvet-podvodki-Blue.jpg	Blue
Цвет подводки	/image/catalog/glaza/podvodka-dlja-glaz/410/410-Cvet-podvodki-Brown.jpg	Brown
Цвет подводки	/image/catalog/glaza/podvodka-dlja-glaz/410/410-Cvet-podvodki-Dark-blue.jpg	Dark blue
Цвет подводки	/image/catalog/glaza/podvodka-dlja-glaz/410/410-Cvet-podvodki-Green.jpg	Green
Цвет подводки	/image/catalog/glaza/podvodka-dlja-glaz/410/410-Cvet-podvodki-Purple.jpg	Purple
Цвет подводки	/image/catalog/glaza/podvodka-dlja-glaz/410/410-Cvet-podvodki-Silver.jpg	Silver
Цвет помады L24	/image/catalog/guby/pomada/276/276-Cvet-pomady-L24-No01-Krasnaja-roza-perl..jpg	№01 Красная роза/ перл.
Цвет помады L24	/image/catalog/guby/pomada/276/276-Cvet-pomady-L24-No02-Serebristaja-siren-perl..jpg	№02 Серебристая сирень/ перл.
Цвет помады L24	/image/catalog/guby/pomada/276/276-Cvet-pomady-L24-No028-YArkaja-fuksija-gljanec.jpg	№028 Яркая фуксия/ глянец
Цвет помады L24	/image/catalog/guby/pomada/276/276-Cvet-pomady-L24-No03-Rozovaja-gvozdika-perl..jpg	№03 Розовая гвоздика/ перл.
Цвет помады L24	/image/catalog/guby/pomada/276/276-Cvet-pomady-L24-No030-Molocznaja-karamel--gljanec.jpg	№030 Молочная карамель / глянец
Цвет помады L24	/image/catalog/guby/pomada/276/276-Cvet-pomady-L24-No041-ZHemczuzhnyi-rozovyi-perl..jpg	№041 Жемчужный розовый/ перл.
Цвет помады L24	/image/catalog/guby/pomada/276/276-Cvet-pomady-L24-No043-Strastnyi-poceluiperl.jpg	№043 Страстный поцелуй/перл
Цвет помады L24	/image/catalog/guby/pomada/276/276-Cvet-pomady-L24-No044-Rozovaja-siren-perl..jpg	№044 Розовая сирень/ перл.
Цвет помады L24	/image/catalog/guby/pomada/276/276-Cvet-pomady-L24-No045-Priznanie-v-lubvi-perl..jpg	№045 Признание в любви/ перл.
Цвет помады L24	/image/catalog/guby/pomada/276/276-Cvet-pomady-L24-No05-Bronza-perl..jpg	№05 Бронза/ перл.
Цвет помады L24	/image/catalog/guby/pomada/276/276-Cvet-pomady-L24-No053-Rubin-perl..jpg	№053 Рубин/ перл.
Цвет помады L24	/image/catalog/guby/pomada/276/276-Cvet-pomady-L24-No058-Temnyi-rubin-perl..jpg	№058 Темный рубин/ перл.
Цвет помады L24	/image/catalog/guby/pomada/276/276-Cvet-pomady-L24-No06-Rozovyi-pion-perl..jpg	№06 Розовый пион/ перл.
Цвет помады L24	/image/catalog/guby/pomada/276/276-Cvet-pomady-L24-No066-Barhatnaja-vishnja-perl..jpg	№066 Бархатная вишня/ перл.
Цвет помады L24	/image/catalog/guby/pomada/276/276-Cvet-pomady-L24-No068-Gorjaczii-rozovyi-perl..jpg	№068 Горячий розовый/ перл.
Цвет помады L24	/image/catalog/guby/pomada/276/276-Cvet-pomady-L24-No069-Terrakot-temnyi-gljanec.jpg	№069 Терракот темный/ глянец
Цвет помады L24	/image/catalog/guby/pomada/276/276-Cvet-pomady-L24-No07-Temnaja-siren-perl..jpg	№07 Темная сирень/ перл.
Цвет помады L24	/image/catalog/guby/pomada/276/276-Cvet-pomady-L24-No084-YAgodnyi-pocelui-gljanec.jpg	№084 Ягодный поцелуй/ глянец
Цвет помады L24	/image/catalog/guby/pomada/276/276-Cvet-pomady-L24-No090-Spelaja-vishnja-gljanec.jpg	№090 Спелая вишня/ глянец
Цвет помады L24	/image/catalog/guby/pomada/276/276-Cvet-pomady-L24-No095-Tigrovaja-lilija-perl..jpg	№095 Тигровая лилия/ перл.
Цвет помады L24	/image/catalog/guby/pomada/276/276-Cvet-pomady-L24-No096-YAgodnyi-muss-perl..jpg	№096 Ягодный мусс/ перл.
Цвет помады L24	/image/catalog/guby/pomada/276/276-Cvet-pomady-L24-No10-Alyi-gljanec.jpg	№10 Алый/ глянец
Цвет помады L24	/image/catalog/guby/pomada/276/276-Cvet-pomady-L24-No100-Naturel-gljanec.jpg	№100 Натурель/ глянец
Цвет помады L24	/image/catalog/guby/pomada/276/276-Cvet-pomady-L24-No100A-Naturel-bezh--gljanec.jpg	№100A Натурель-беж / глянец
Цвет помады L24	/image/catalog/guby/pomada/276/276-Cvet-pomady-L24-No105-Molocznyi-shokolad-gljanec.jpg	№105 Молочный шоколад/ глянец
Цвет помады L24	/image/catalog/guby/pomada/276/276-Cvet-pomady-L24-No109-Kapuczino-gljanec.jpg	№109 Капучино/ глянец
Цвет помады L24	/image/catalog/guby/pomada/276/276-Cvet-pomady-L24-No114-Rozovyi-atlasperl.jpg	№114 Розовый атлас/перл
Цвет помады L24	/image/catalog/guby/pomada/276/276-Cvet-pomady-L24-No116-Brusnicznaja-rosa-perl.jpg	№116 Брусничная роса/ перл
Цвет помады L24	/image/catalog/guby/pomada/276/276-Cvet-pomady-L24-No117-Koricznevyi-gljanec-gljanec.jpg	№117 Коричневый глянец/ глянец
Цвет помады L24	/image/catalog/guby/pomada/276/276-Cvet-pomady-L24-No118-Karamelnaja-reka-gljanec.jpg	№118 Карамельная река/ глянец
Цвет помады L24	/image/catalog/guby/pomada/276/276-Cvet-pomady-L24-No122-Bagrjanyi-zakat-perlamutr.jpg	№122 Багряный закат/ перламутр
Цвет помады L24	/image/catalog/guby/pomada/276/276-Cvet-pomady-L24-No126-Pomada-Monro-gljanec.jpg	№126 Помада Монро/ глянец
Цвет помады L24	/image/catalog/guby/pomada/276/276-Cvet-pomady-L24-No130-Naturalyi--perl..jpg	№130 Натуральый / перл.
Цвет помады L24	/image/catalog/guby/pomada/276/276-Cvet-pomady-L24-No14-Purpur-gljanec.jpg	№14 Пурпур/ глянец
Цвет помады L24	/image/catalog/guby/pomada/276/276-Cvet-pomady-L24-No142-Terrakot--gljanec.jpg	№142 Терракот / глянец
Цвет помады L24	/image/catalog/guby/pomada/276/276-Cvet-pomady-L24-No168-Kremovyi-terrakot-gljanec.jpg	№168 Кремовый терракот/ глянец
Цвет помады L24	/image/catalog/guby/pomada/276/276-Cvet-pomady-L24-No169-Magenta-perl..jpg	№169 Magenta/ перл.
Цвет помады L24	/image/catalog/guby/pomada/276/276-Cvet-pomady-L24-No19-Krem-roza-perl..jpg	№19 Крем роза/ перл.
Цвет помады L24	/image/catalog/guby/pomada/276/276-Cvet-pomady-L24-No196-Pastelno-rozovyi-gljanec.jpg	№196 Пастельно-розовый/ глянец
Цвет помады L24	/image/catalog/guby/pomada/276/276-Cvet-pomady-L24-No199-Rozovye-meczty-perl..jpg	№199 Розовые мечты/ перл.
Цвет помады L24	/image/catalog/guby/pomada/276/276-Cvet-pomady-L24-No20-Karamelka--perl..jpg	№20 Карамелька / перл.
Цвет помады L24	/image/catalog/guby/pomada/276/276-Cvet-pomady-L24-No215-Korallovyi-rai-gljanec.jpg	№215 Коралловый рай/ глянец
Цвет помады L24	/image/catalog/guby/pomada/276/276-Cvet-pomady-L24-No225-Perelivausczajasja-fuksija-perl..jpg	№225 Переливающаяся фуксия/ перл.
Цвет помады L24	/image/catalog/guby/pomada/276/276-Cvet-pomady-L24-No23-Spelaja-vishnja-gljanec.jpg	№23 Спелая вишня/ глянец
Цвет помады L24	/image/catalog/guby/pomada/276/276-Cvet-pomady-L24-No241.jpg	№241
Цвет помады L24	/image/catalog/guby/pomada/276/276-Cvet-pomady-L24-No242-Izyskannyi-bezh-gljanec.jpg	№242 Изысканный беж/ глянец
Цвет помады L24	/image/catalog/guby/pomada/276/276-Cvet-pomady-L24-No25-Pink-rose-gljanec.jpg	№25 Pink rose/ глянец
Цвет помады L24	/image/catalog/guby/pomada/276/276-Cvet-pomady-L24-No26-Pepelnaja-roza--gljanec.jpg	№26 Пепельная роза / глянец
Цвет помады L24	/image/catalog/guby/pomada/276/276-Cvet-pomady-L24-No271-Zolotoe-runo-perl..jpg	№271 Золотое руно/ перл.
Цвет помады L24	/image/catalog/guby/pomada/276/276-Cvet-pomady-L24-No322-Rozovyi-mramor-perl.jpg	№322 Розовый мрамор/ перл
Цвет помады L24	/image/catalog/guby/pomada/276/276-Cvet-pomady-L24-No324-Blagorodnaja-fuksija-gljanec.jpg	№324 Благородная фуксия/ глянец
Цвет помады L24	/image/catalog/guby/pomada/276/276-Cvet-pomady-L24-No330-Serdolik-perl..jpg	№330 Сердолик/ перл.
Цвет помады L24	/image/catalog/guby/pomada/276/276-Cvet-pomady-L24-No339-Rozovaja-orhideja-perl..jpg	№339 Розовая орхидея/ перл.
Цвет помады L24	/image/catalog/guby/pomada/276/276-Cvet-pomady-L24-No408-Rozovoe-plamja-perl.jpg	№408 Розовое пламя/ перл
Цвет помады L24	/image/catalog/guby/pomada/276/276-Cvet-pomady-L24-No410-Toskanskaja-roza-gljanec.jpg	№410 Тосканская роза/ глянец
Цвет помады L24	/image/catalog/guby/pomada/276/276-Cvet-pomady-L24-No421-Teplyi-naturalnyi-gljanec.jpg	№421 Теплый натуральный/ глянец
Цвет помады L24	/image/catalog/guby/pomada/276/276-Cvet-pomady-L24-No438-Sirenevaja-orhideja-perl..jpg	№438 Сиреневая орхидея/ перл.
Цвет помады L24	/image/catalog/guby/pomada/276/276-Cvet-pomady-L24-No446-Lilovyi-vsplesk-perl..jpg	№446 Лиловый всплеск/ перл.
Цвет помады L24	/image/catalog/guby/pomada/276/276-Cvet-pomady-L24-No448-Sladkaja-vishnja-perl..jpg	№448 Сладкая вишня/ перл.
Цвет помады L24	/image/catalog/guby/pomada/276/276-Cvet-pomady-L24-No450-Idealnaja-roza-gljanec.jpg	№450 Идеальная роза/ глянец
Цвет помады L24	/image/catalog/guby/pomada/276/276-Cvet-pomady-L24-No515-Otblesk-lubvi-perl..jpg	№515 Отблеск любви/ перл.
Цвет помады L24	/image/catalog/guby/pomada/276/276-Cvet-pomady-L24-No517-Granat-perl..jpg	№517 Гранат/ перл.
Цвет помады L24	/image/catalog/guby/pomada/276/276-Cvet-pomady-L24-No550-Vishnevyi-kokteil-perl..jpg	№550 Вишневый коктейль/ перл.
Цвет помады L24	/image/catalog/guby/pomada/276/276-Cvet-pomady-L24-No600-Bezhevaja-klassika-gljanec.jpg	№600 Бежевая классика/ глянец
Цвет помады L24	/image/catalog/guby/pomada/276/276-Cvet-pomady-L24-No632-Glubokii-sirenevyi-perl..jpg	№632 Глубокий сиреневый/ перл.
Цвет помады L24	/image/catalog/guby/pomada/276/276-Cvet-pomady-L24-No634-Rozovoe-parfe-perl..jpg	№634 Розовое парфе/ перл.
Цвет помады L24	/image/catalog/guby/pomada/276/276-Cvet-pomady-L24-No644-Lubov-morkov-gljanec.jpg	№644 Любовь-морковь/ глянец
Цвет помады L24	/image/catalog/guby/pomada/276/276-Cvet-pomady-L24-No665-Lava-lubvi-gljanec.jpg	№665 Лава любви/ глянец
Цвет помады L24	/image/catalog/guby/pomada/276/276-Cvet-pomady-L24-No683-Rozovyi-brilliant-perl..jpg	№683 Розовый бриллиант/ перл.
Цвет помады Repair Lip Care	/image/catalog/guby/pomada/283/283-Cvet-pomady-Repair-Lip-Care-No1.jpg	№1
Цвет помады Repair Lip Care	/image/catalog/guby/pomada/283/283-Cvet-pomady-Repair-Lip-Care-No2.jpg	№2
Цвет помады Repair Lip Care	/image/catalog/guby/pomada/283/283-Cvet-pomady-Repair-Lip-Care-No3.jpg	№3
Цвет помады Repair Lip Care	/image/catalog/guby/pomada/283/283-Cvet-pomady-Repair-Lip-Care-No4.jpg	№4
Цвет помады Repair Lip Care	/image/catalog/guby/pomada/283/283-Cvet-pomady-Repair-Lip-Care-No5.jpg	№5
Цвет помады Repair Lip Care	/image/catalog/guby/pomada/283/283-Cvet-pomady-Repair-Lip-Care-No6.jpg	№6
Цвет помады Silky Perfection Lipstick	/image/catalog/guby/pomada/583/583-Cvet-pomady-Silky-Perfection-Lipstick-No501.jpg	№501
Цвет помады Silky Perfection Lipstick	/image/catalog/guby/pomada/583/583-Cvet-pomady-Silky-Perfection-Lipstick-No502.jpg	№502
Цвет помады Silky Perfection Lipstick	/image/catalog/guby/pomada/583/583-Cvet-pomady-Silky-Perfection-Lipstick-No503.jpg	№503
Цвет помады Silky Perfection Lipstick	/image/catalog/guby/pomada/583/583-Cvet-pomady-Silky-Perfection-Lipstick-No504.jpg	№504
Цвет помады Silky Perfection Lipstick	/image/catalog/guby/pomada/583/583-Cvet-pomady-Silky-Perfection-Lipstick-No505.jpg	№505
Цвет помады Silky Perfection Lipstick	/image/catalog/guby/pomada/583/583-Cvet-pomady-Silky-Perfection-Lipstick-No506.jpg	№506
Цвет помады Silky Perfection Lipstick	/image/catalog/guby/pomada/583/583-Cvet-pomady-Silky-Perfection-Lipstick-No507.jpg	№507
Цвет помады Silky Perfection Lipstick	/image/catalog/guby/pomada/583/583-Cvet-pomady-Silky-Perfection-Lipstick-No508.jpg	№508
Цвет помады Silky Perfection Lipstick	/image/catalog/guby/pomada/583/583-Cvet-pomady-Silky-Perfection-Lipstick-No509.jpg	№509
Цвет помады Silky Perfection Lipstick	/image/catalog/guby/pomada/583/583-Cvet-pomady-Silky-Perfection-Lipstick-No510.jpg	№510
Цвет помады Silky Perfection Lipstick	/image/catalog/guby/pomada/583/583-Cvet-pomady-Silky-Perfection-Lipstick-No511.jpg	№511
Цвет помады Silky Perfection Lipstick	/image/catalog/guby/pomada/583/583-Cvet-pomady-Silky-Perfection-Lipstick-No512.jpg	№512
Цвет теней Eyebrow 2 in 1	/image/catalog/brovi/teni-dlja-vek-i-brovei/427/427-Cvet-tenei-Eyebrow-2-in-1-No1.jpg	№1
Цвет теней Eyebrow 2 in 1	/image/catalog/brovi/teni-dlja-vek-i-brovei/427/427-Cvet-tenei-Eyebrow-2-in-1-No2.jpg	№2
Цвет теней Eyebrow 2 in 1	/image/catalog/brovi/teni-dlja-vek-i-brovei/427/427-Cvet-tenei-Eyebrow-2-in-1-No3.jpg	№3
Цвет теней Eyebrow 2 in 1	/image/catalog/brovi/teni-dlja-vek-i-brovei/427/427-Cvet-tenei-Eyebrow-2-in-1-No4.jpg	№4
Цвет теней Eyebrow 2 in 1	/image/catalog/brovi/teni-dlja-vek-i-brovei/427/427-Cvet-tenei-Eyebrow-2-in-1-No5.jpg	№5
Цвет теней Eyebrow 2 in 1	/image/catalog/brovi/teni-dlja-vek-i-brovei/427/427-Cvet-tenei-Eyebrow-2-in-1-No6.jpg	№6
Цвет теней Eyebrow 2 in 1	/image/catalog/brovi/teni-dlja-vek-i-brovei/427/427-Cvet-tenei-Eyebrow-2-in-1-No7.jpg	№7
Цвет теней Eyebrow 2 in 1	/image/catalog/brovi/teni-dlja-vek-i-brovei/427/427-Cvet-tenei-Eyebrow-2-in-1-No8.jpg	№8
Цвет теней Eyebrow 2 in 1	/image/catalog/brovi/teni-dlja-vek-i-brovei/427/427-Cvet-tenei-Eyebrow-2-in-1-No9.jpg	№9
Цвет теней Liquid Metal	/image/catalog/glaza/teni-dlja-vek/663/663-Cvet-tenei-Liquid-Metal-No1.jpg	№1
Цвет теней Liquid Metal	/image/catalog/glaza/teni-dlja-vek/663/663-Cvet-tenei-Liquid-Metal-No10.jpg	№10
Цвет теней Liquid Metal	/image/catalog/glaza/teni-dlja-vek/663/663-Cvet-tenei-Liquid-Metal-No11.jpg	№11
Цвет теней Liquid Metal	/image/catalog/glaza/teni-dlja-vek/663/663-Cvet-tenei-Liquid-Metal-No12.jpg	№12
Цвет теней Liquid Metal	/image/catalog/glaza/teni-dlja-vek/663/663-Cvet-tenei-Liquid-Metal-No2.jpg	№2
Цвет теней Liquid Metal	/image/catalog/glaza/teni-dlja-vek/663/663-Cvet-tenei-Liquid-Metal-No3.jpg	№3
Цвет теней Liquid Metal	/image/catalog/glaza/teni-dlja-vek/663/663-Cvet-tenei-Liquid-Metal-No4.jpg	№4
Цвет теней Liquid Metal	/image/catalog/glaza/teni-dlja-vek/663/663-Cvet-tenei-Liquid-Metal-No5.jpg	№5
Цвет теней Liquid Metal	/image/catalog/glaza/teni-dlja-vek/663/663-Cvet-tenei-Liquid-Metal-No6.jpg	№6
Цвет теней Liquid Metal	/image/catalog/glaza/teni-dlja-vek/663/663-Cvet-tenei-Liquid-Metal-No7.jpg	№7
Цвет теней Liquid Metal	/image/catalog/glaza/teni-dlja-vek/663/663-Cvet-tenei-Liquid-Metal-No8.jpg	№8
Цвет теней Liquid Metal	/image/catalog/glaza/teni-dlja-vek/663/663-Cvet-tenei-Liquid-Metal-No9.jpg	№9
Цвет теней Metal Foil	/image/catalog/glaza/teni-dlja-vek/438/438-Cvet-tenei-Metal-Foil-No1.jpg	№1
Цвет теней Metal Foil	/image/catalog/glaza/teni-dlja-vek/438/438-Cvet-tenei-Metal-Foil-No2.jpg	№2
Цвет теней Metal Foil	/image/catalog/glaza/teni-dlja-vek/438/438-Cvet-tenei-Metal-Foil-No3.jpg	№3
Цвет теней Metal Foil	/image/catalog/glaza/teni-dlja-vek/438/438-Cvet-tenei-Metal-Foil-No4.jpg	№4
Цвет теней Metal Foil	/image/catalog/glaza/teni-dlja-vek/438/438-Cvet-tenei-Metal-Foil-No5.jpg	№5
Цвет теней Metal Foil	/image/catalog/glaza/teni-dlja-vek/438/438-Cvet-tenei-Metal-Foil-No6.jpg	№6
Цвет теней Mono	/image/catalog/glaza/teni-dlja-vek/637/637-Cvet-tenei-Mono-No1.jpg	№1
Цвет теней Mono	/image/catalog/glaza/teni-dlja-vek/637/637-Cvet-tenei-Mono-No2.jpg	№2
Цвет теней Mono	/image/catalog/glaza/teni-dlja-vek/637/637-Cvet-tenei-Mono-No3.jpg	№3
Цвет теней Mono	/image/catalog/glaza/teni-dlja-vek/637/637-Cvet-tenei-Mono-No4.jpg	№4
Цвет теней Mono	/image/catalog/glaza/teni-dlja-vek/637/637-Cvet-tenei-Mono-No5.jpg	№5
Цвет теней Mono	/image/catalog/glaza/teni-dlja-vek/637/637-Cvet-tenei-Mono-No6.jpg	№6
Цвет теней Shimmering Shine	/image/catalog/glaza/teni-dlja-vek/644/644-Cvet-tenei-Shimmering-Shine-No1.jpg	№1
Цвет теней Shimmering Shine	/image/catalog/glaza/teni-dlja-vek/644/644-Cvet-tenei-Shimmering-Shine-No2.jpg	№2
Цвет теней Shimmering Shine	/image/catalog/glaza/teni-dlja-vek/644/644-Cvet-tenei-Shimmering-Shine-No3.jpg	№3
Цвет теней Shimmering Shine	/image/catalog/glaza/teni-dlja-vek/644/644-Cvet-tenei-Shimmering-Shine-No4.jpg	№4
Цвет теней Shimmering Shine	/image/catalog/glaza/teni-dlja-vek/644/644-Cvet-tenei-Shimmering-Shine-No5.jpg	№5
Цвет теней Shimmering Shine	/image/catalog/glaza/teni-dlja-vek/644/644-Cvet-tenei-Shimmering-Shine-No6.jpg	№6
Цвет теней Trio	/image/catalog/brovi/teni-dlja-vek-i-brovei/431/431-Cvet-tenei-Trio-No1.jpg	№1
Цвет теней Trio	/image/catalog/brovi/teni-dlja-vek-i-brovei/431/431-Cvet-tenei-Trio-No2.jpg	№2
Цвет теней Trio	/image/catalog/brovi/teni-dlja-vek-i-brovei/431/431-Cvet-tenei-Trio-No3.jpg	№3
Цвет туши для бровей Brow Sculpt Mascara & Pencil Art	/image/catalog/brovi/tush-dlja-brovei/686/686-Cvet-tushi-dlja-brovei-Brow-Sculpt-Mascara--Pencil-Art-Blond.jpg	Blond
Цвет туши для бровей Brow Sculpt Mascara & Pencil Art	/image/catalog/brovi/tush-dlja-brovei/686/686-Cvet-tushi-dlja-brovei-Brow-Sculpt-Mascara--Pencil-Art-Light-Brown.jpg	Light Brown
Цвет туши для бровей Brow Sculpt Mascara & Pencil Art	/image/catalog/brovi/tush-dlja-brovei/686/686-Cvet-tushi-dlja-brovei-Brow-Sculpt-Mascara--Pencil-Art-Medium.jpg	Medium